DROP TABLE IF EXISTS Лікує;
DROP TABLE IF EXISTS Наявні;
DROP TABLE IF EXISTS Співробітники;
DROP TABLE IF EXISTS Аптечна_установа;
DROP TABLE IF EXISTS Перелік_лікарств;
DROP TABLE IF EXISTS Посада;
DROP TABLE IF EXISTS Вулиця;
DROP TABLE IF EXISTS Зона_впливу;

CREATE TABLE Посада (
    Назва_посади VARCHAR(100) PRIMARY KEY
);

CREATE TABLE Вулиця (
    Назва_вулиці VARCHAR(100) PRIMARY KEY
);

CREATE TABLE Аптечна_установа (
	Назва_установи VARCHAR(100) PRIMARY KEY,
	Номер_будинку VARCHAR(10),
	Адреса_вебсторінки VARCHAR(255),

	Час_роботи VARCHAR(50),
	Чи_вихідний_у_суботу BIT,
	Чи_вихідний_у_неділю BIT,
	Назва_вулиці VARCHAR(100),

	FOREIGN KEY (Назва_вулиці) REFERENCES Вулиця(Назва_вулиці)

);


CREATE TABLE Співробітники (

	Прізвище VARCHAR(50),
	Ім_я  VARCHAR(50),
	По_батькові  VARCHAR(50),
	Ідентифікаційний_номер VARCHAR(10) UNIQUE,
	Серія_номер_паспорту VARCHAR(20),
	Трудовий_стаж INT,
	Дата_народження DATE,
	Назва_посади VARCHAR(100),
	Назва_установи VARCHAR(100),
	Код_співробітника AS (Прізвище + RIGHT(Ідентифікаційний_номер, 2)),

	
	PRIMARY KEY(Прізвище, Ім_я, По_батькові),
	CHECK (Ідентифікаційний_номер LIKE '[0-9][0-9][0-9][0-9][0-9][0-9][0-9][0-9][0-9][0-9]'),
	
	FOREIGN KEY (Назва_посади) REFERENCES Посада(Назва_посади),
	FOREIGN KEY (Назва_установи) REFERENCES Аптечна_установа (Назва_установи),
);


CREATE TABLE Перелік_лікарств (

	Назва_ліків VARCHAR(15) PRIMARY KEY,
	Код_міністерства VARCHAR(50) UNIQUE,
	Чи_потрібен_рецепт Bit,
	Чи_наркотичний_засіб Bit,
	Чи_психотропний_засіб Bit,

	 CHECK (
        SUBSTRING(Назва_ліків, 1, 1) = SUBSTRING(Код_міністерства, 1, 1)
    )

);


CREATE TABLE Зона_впливу (
	Назва_зони VARCHAR(100) PRIMARY KEY
);

--проміжні таблиці/зв'язки m:n

CREATE TABLE Наявні (

	Назва_установи VARCHAR(100),
	Назва_ліків VARCHAR(15),

	PRIMARY KEY (Назва_установи, Назва_ліків),

	FOREIGN KEY (Назва_установи) REFERENCES Аптечна_установа(Назва_установи),
    FOREIGN KEY (Назва_ліків) REFERENCES Перелік_лікарств(Назва_ліків)

);


CREATE TABLE Лікує (

	Назва_ліків VARCHAR(15),
	Назва_зони VARCHAR(100),

	PRIMARY KEY (Назва_ліків, Назва_зони),

	FOREIGN KEY (Назва_ліків) REFERENCES Перелік_лікарств(Назва_ліків),
    FOREIGN KEY (Назва_зони) REFERENCES Зона_впливу(Назва_зони)

);

--заповлення таблиць

INSERT INTO Посада (Назва_посади) VALUES ('Завідувач'), ('Провізор'), ('Фармацевт');
INSERT INTO Вулиця (Назва_вулиці) VALUES ('Городоцька'), ('Стрийська'), ('пр. Свободи');
INSERT INTO Зона_впливу (Назва_зони) VALUES ('Серцево-судинна'), ('Травлення'), ('Нервова система');

INSERT INTO Аптечна_установа (Назва_установи, Номер_будинку, Адреса_вебсторінки, Час_роботи, Чи_вихідний_у_суботу, Чи_вихідний_у_неділю, Назва_вулиці) 
VALUES ('Аптека №1', '10', 'apteka1.lviv.ua', '08:00-21:00', 0, 1, 'Городоцька'),
	   ('Подорожник', '15', 'pdrk.lviv.ua', '09:00-22:00', 0, 0, 'Стрийська'),
	   ('Центральна аптека', '120', 'center-farm.lviv.ua', 'Цілодобово', 0, 0, 'пр. Свободи');



INSERT INTO Перелік_лікарств (Назва_ліків, Код_міністерства, Чи_потрібен_рецепт, Чи_наркотичний_засіб, Чи_психотропний_засіб)
VALUES ('Анальгін', 'А-12345', 0, 0, 0), 
       ('Валеріана', 'В-98765', 0, 0, 0),
	   ('Парацетамол', 'П-11223', 0, 0, 0),
	   ('Но-шпа', 'Н-55443', 0, 0, 0),
	   ('Діазепам', 'Д-99887', 1, 0, 1),
       ('Морфін', 'М-77665', 1, 1, 0),
       ('Цитрамон', 'Ц-33445', 0, 0, 0),
       ('Корвалол', 'К-22334', 0, 0, 0);



INSERT INTO Співробітники (Прізвище, Ім_я, По_батькові, Ідентифікаційний_номер, Серія_номер_паспорту, Трудовий_стаж, Дата_народження, Назва_посади, Назва_установи)
VALUES ('Шевченко', 'Андрій', 'Миколайович', '1234567890', 'КС 123456', 5, '1990-05-15', 'Провізор', 'Аптека №1'),
	   ('Коваленко', 'Олена', 'Іванівна', '0987654321', 'ММ 654321', 12, '1982-03-20', 'Завідувач', 'Аптека №1'),
       ('Мельник', 'Дмитро', 'Сергійович', '1122334455', 'АВ 112233', 3, '1995-11-10', 'Фармацевт', 'Подорожник'),
       ('Бондар', 'Марія', 'Олександрівна', '5566778899', 'НЕ 554433', 7, '1990-07-05', 'Провізор', 'Подорожник'),
       ('Ткаченко', 'Олексій', 'Петрович', '4455667788', 'СА 445566', 2, '1998-01-30', 'Фармацевт', 'Аптека №1');



INSERT INTO Наявні (Назва_установи, Назва_ліків) 
VALUES 
('Подорожник', 'Парацетамол'),
('Подорожник', 'Но-шпа'),
('Аптека №1', 'Діазепам'),
('Аптека №1', 'Парацетамол'),
('Подорожник', 'Цитрамон');



INSERT INTO Лікує (Назва_ліків, Назва_зони)
VALUES 
('Парацетамол', 'Нервова система'),
('Но-шпа', 'Травлення'),
('Діазепам', 'Нервова система'),
('Цитрамон', 'Нервова система'),
('Корвалол', 'Серцево-судинна');




-- or, and і сортування з однією таблицею (відсортовані за стажем за спаданням)
SELECT Прізвище, Ім_я, Трудовий_стаж, Назва_посади
FROM Співробітники
WHERE (Трудовий_стаж > 3 AND Назва_посади = 'Провізор')
      OR Назва_посади = 'Завідувач'
ORDER BY Трудовий_стаж DESC;


-- з обч. полем і його вивід (переводить роки т. стажу в місяці і присвоює вік)
SELECT 
Прізвище,
Ім_я,
Трудовий_стаж,
Трудовий_стаж * 12 AS Стаж_у_місяцях,
YEAR(GETDATE()) - YEAR(Дата_народження) AS Вік
FROM Співробітники;


--на базі кількох таблиць з використанням сортування, накладенням умов зі зв’язками OR та AND(виводить інф. про тих працівників, які мають стаж > 3 і працюють в неділю)
SELECT 
С.Прізвище,
С.Ім_я,
С.Назва_посади,
А.Назва_установи,
А.Час_роботи
FROM Співробітники С
JOIN Аптечна_установа А 
ON С.Назва_установи = А.Назва_установи
WHERE С.Трудовий_стаж > 3 AND А.Чи_вихідний_у_неділю = 0
ORDER BY С.Трудовий_стаж;

--на базі кількох таблиць з типом поєднання Outer Join(показує всі аптеки, навіть якщо в них немає ліків)
SELECT 
А.Назва_установи,
П.Назва_ліків
FROM Аптечна_установа А
LEFT JOIN Наявні Н 
ON А.Назва_установи = Н.Назва_установи
LEFT JOIN Перелік_лікарств П
ON Н.Назва_ліків = П.Назва_ліків;

-- з використанням операторів Like (що починаються з П)
SELECT *
FROM Перелік_лікарств
WHERE Назва_ліків LIKE 'П%';

-- between (у яких стаж від 3 до 10 років)
SELECT *
FROM Співробітники
WHERE Трудовий_стаж BETWEEN 3 AND 10;

--in (виводить ті аптеки, які на вул городоцькій або стр)
SELECT *
FROM Аптечна_установа
WHERE Назва_вулиці IN ('Городоцька','Стрийська');

--EXISTS (показує аптеки де є хоча б один наявний препарат)
SELECT Назва_установи
FROM Аптечна_установа А
WHERE EXISTS (
    SELECT *
    FROM Наявні Н
    WHERE Н.Назва_установи = А.Назва_установи
);

--ANY
SELECT *
FROM Співробітники
WHERE Трудовий_стаж > ANY (
    SELECT Трудовий_стаж FROM Співробітники
);

--ALL(виведе працівника з найбільшим стажем)
SELECT *
FROM Співробітники
WHERE Трудовий_стаж >= ALL (
    SELECT Трудовий_стаж FROM Співробітники
);

-- з використанням підсумовування та групування. (рахує к-сть працівників у конкретній аптеці та їх середній стаж)
SELECT 
Назва_установи,
COUNT(*) AS Кількість_працівників,
AVG(Трудовий_стаж) AS Середній_стаж
FROM Співробітники
GROUP BY Назва_установи;

-- з використанням під-запитів в частині Where.(виводить ніявні ліки які є в аптеці подорожник)
SELECT *
FROM Перелік_лікарств
WHERE Назва_ліків IN (
    SELECT Назва_ліків
    FROM Наявні
    WHERE Назва_установи = 'Подорожник'
);

--з використанням під-запитів в частині From.(підзапит рахує працівників і виводить де їх > 1)
SELECT *
FROM (
    SELECT Назва_установи, COUNT(*) AS Кількість
    FROM Співробітники
    GROUP BY Назва_установи
) AS Підсумок
WHERE Кількість > 1;

--ієрархічний SELECT запит.(присвоює співроб. рівні і сортує за ними )
WITH Ієрархія AS (
    SELECT 
        Прізвище,
        Ім_я,
        Назва_посади,
        CASE 
            WHEN Назва_посади = 'Завідувач' THEN 1
            WHEN Назва_посади = 'Провізор' THEN 2
            WHEN Назва_посади = 'Фармацевт' THEN 3
        END AS Рівень
    FROM Співробітники
)

SELECT *
FROM Ієрархія
ORDER BY Рівень;

--	SELECT запит типу CrossTab.(перетворює рядки у колонки)
SELECT *
FROM (
    SELECT Назва_установи, Назва_ліків
    FROM Наявні
) AS SourceTable
PIVOT
(
    COUNT(Назва_ліків)
    FOR Назва_ліків IN ([Парацетамол],[Но-шпа],[Цитрамон])
) AS PivotTable;

-- UPDATE на базі однієї таблиці. (збільшує стаж фармацевтів на 1 рік)

SELECT Прізвище, Ім_я, Трудовий_стаж
FROM Співробітники
WHERE Назва_посади = 'Фармацевт';

UPDATE Співробітники
SET Трудовий_стаж = Трудовий_стаж + 1
WHERE Назва_посади = 'Фармацевт';

SELECT Прізвище, Ім_я, Трудовий_стаж
FROM Співробітники
WHERE Назва_посади = 'Фармацевт';

--	UPDATE на базі кількох таблиць. (ті, що працюють на городоцькій +2 роки до стажу)
SELECT С.Прізвище, С.Трудовий_стаж, А.Назва_вулиці
FROM Співробітники С
JOIN Аптечна_установа А
ON С.Назва_установи = А.Назва_установи;

UPDATE С
SET С.Трудовий_стаж = С.Трудовий_стаж + 2
FROM Співробітники С
JOIN Аптечна_установа А
ON С.Назва_установи = А.Назва_установи
WHERE А.Назва_вулиці = 'Городоцька';

SELECT С.Прізвище, С.Трудовий_стаж, А.Назва_вулиці
FROM Співробітники С
JOIN Аптечна_установа А
ON С.Назва_установи = А.Назва_установи;

--	Append (INSERT) для додавання записів з явно вказаними значеннями. (додано нові ліки аспірин)
SELECT * 
FROM Перелік_лікарств;

INSERT INTO Перелік_лікарств
(Назва_ліків, Код_міністерства, Чи_потрібен_рецепт, Чи_наркотичний_засіб, Чи_психотропний_засіб)
VALUES ('Аспірин','А-55555',0,0,0);

SELECT *
FROM Перелік_лікарств

--(INSERT) для додавання записів з інших таблиць.

SELECT 'Центральна аптека', Назва_ліків 
FROM Перелік_лікарств 
WHERE Назва_ліків LIKE 'А%';


INSERT INTO Наявні (Назва_установи, Назва_ліків)
SELECT 'Центральна аптека', Назва_ліків
FROM Перелік_лікарств
WHERE Назва_ліків LIKE 'А%';


SELECT * FROM Наявні WHERE Назва_установи = 'Центральна аптека';

--DELETE для видалення всіх даних з таблиці.
DELETE FROM Наявні;

-- DELETE для видалення вибраних записів таблиці.
DELETE FROM Перелік_лікарств
WHERE Чи_наркотичний_засіб = 1;

-- складний запит 1 JOIN + LIKE (отримати список ліків та відповідних їм зон впливу (лікувальних властивостей), 
--але лише для тих препаратів, назва яких починається на літеру «П».)
SELECT 
П.Назва_ліків,
З.Назва_зони
FROM Лікує Л
JOIN Перелік_лікарств П
ON Л.Назва_ліків = П.Назва_ліків
JOIN Зона_впливу З
ON Л.Назва_зони = З.Назва_зони
WHERE П.Назва_ліків LIKE 'П%';

--складний запит 2 (групування і підрахунок, показує скільки прац. у кожній з аптек)
SELECT 
Назва_установи,
COUNT(*) AS Кількість_працівників
FROM Співробітники
GROUP BY Назва_установи;
