
BEGIN
   EXECUTE IMMEDIATE 'DROP TABLE LIKUIE CASCADE CONSTRAINTS';
   EXECUTE IMMEDIATE 'DROP TABLE NAYAVNI CASCADE CONSTRAINTS';
   EXECUTE IMMEDIATE 'DROP TABLE SPIVROBITNYKY CASCADE CONSTRAINTS';
   EXECUTE IMMEDIATE 'DROP TABLE APTECHNA_USTANOVA CASCADE CONSTRAINTS';
   EXECUTE IMMEDIATE 'DROP TABLE PERELIK_LIKARSTV CASCADE CONSTRAINTS';
   EXECUTE IMMEDIATE 'DROP TABLE POSADA CASCADE CONSTRAINTS';
   EXECUTE IMMEDIATE 'DROP TABLE VULYTSIA CASCADE CONSTRAINTS';
   EXECUTE IMMEDIATE 'DROP TABLE ZONA_VPLYVU CASCADE CONSTRAINTS';
   EXECUTE IMMEDIATE 'DROP TABLE PRODAGI CASCADE CONSTRAINTS';
EXCEPTION
   WHEN OTHERS THEN NULL;
END;
/

-- Створення таблиць
CREATE TABLE POSADA (
    NAZVA_POSADY VARCHAR2(100) PRIMARY KEY
);

CREATE TABLE VULYTSIA (
    NAZVA_VULYTSII VARCHAR2(100) PRIMARY KEY
);

CREATE TABLE APTECHNA_USTANOVA (
    NAZVA_USTANOVY VARCHAR2(100) PRIMARY KEY,
    NOMER_BUDYNKU VARCHAR2(10),
    ADRESA_WEBSTORINKY VARCHAR2(255),
    CHAS_ROBOTY VARCHAR2(50),
    CHY_VYKHIDNYI_U_SUBOTU NUMBER(1) CHECK (CHY_VYKHIDNYI_U_SUBOTU IN (0, 1)),
    CHY_VYKHIDNYI_U_NEDILIU NUMBER(1) CHECK (CHY_VYKHIDNYI_U_NEDILIU IN (0, 1)),
    NAZVA_VULYTSII VARCHAR2(100),
    CONSTRAINT FK_VULYTSIA FOREIGN KEY (NAZVA_VULYTSII) REFERENCES VULYTSIA(NAZVA_VULYTSII)
);

CREATE TABLE SPIVROBITNYKY (
    PRIZVYSHCHE VARCHAR2(50),
    IMIA VARCHAR2(50),
    PO_BATKOVI VARCHAR2(50),
    IDENTYFIKATSIINYI_NOMER VARCHAR2(10) UNIQUE,
    SERIIA_NOMER_PASPORTU VARCHAR2(20),
    TRUDOVYI_STAZH NUMBER(3),
    DATA_NARODZHENNIA DATE,
    NAZVA_POSADY VARCHAR2(100),
    NAZVA_USTANOVY VARCHAR2(100),
    -- Обчислювальний стовпець (Virtual Column) в Oracle
    KOD_SPIVROBITNYKA AS (PRIZVYSHCHE || SUBSTR(IDENTYFIKATSIINYI_NOMER, -2)),
    
    PRIMARY KEY(PRIZVYSHCHE, IMIA, PO_BATKOVI),
    CONSTRAINT CHK_ID_CARD CHECK (REGEXP_LIKE(IDENTYFIKATSIINYI_NOMER, '^[0-9]{10}$')),
    CONSTRAINT FK_POSADA FOREIGN KEY (NAZVA_POSADY) REFERENCES POSADA(NAZVA_POSADY),
    CONSTRAINT FK_USTANOVA FOREIGN KEY (NAZVA_USTANOVY) REFERENCES APTECHNA_USTANOVA (NAZVA_USTANOVY)
);

CREATE TABLE PERELIK_LIKARSTV (
    NAZVA_LIKIV VARCHAR2(50) PRIMARY KEY,
    KOD_MINISTERSTVA VARCHAR2(50) UNIQUE,
    CHY_POTRIBEN_RETSEPT NUMBER(1) CHECK (CHY_POTRIBEN_RETSEPT IN (0, 1)),
    CHY_NARKOTYCHNYI_ZASIB NUMBER(1) CHECK (CHY_NARKOTYCHNYI_ZASIB IN (0, 1)),
    CHY_PSYKHOTROPNYI_ZASIB NUMBER(1) CHECK (CHY_PSYKHOTROPNYI_ZASIB IN (0, 1)),
    
    CONSTRAINT CHK_FIRST_LETTER CHECK (SUBSTR(NAZVA_LIKIV, 1, 1) = SUBSTR(KOD_MINISTERSTVA, 1, 1))
);

CREATE TABLE ZONA_VPLYVU (
    NAZVA_ZONY VARCHAR2(100) PRIMARY KEY
);

-- Проміжні таблиці
CREATE TABLE NAYAVNI (
    NAZVA_USTANOVY VARCHAR2(100),
    NAZVA_LIKIV VARCHAR2(50),
    PRIMARY KEY (NAZVA_USTANOVY, NAZVA_LIKIV),
    FOREIGN KEY (NAZVA_USTANOVY) REFERENCES APTECHNA_USTANOVA(NAZVA_USTANOVY),
    FOREIGN KEY (NAZVA_LIKIV) REFERENCES PERELIK_LIKARSTV(NAZVA_LIKIV)
);

CREATE TABLE LIKUIE (
    NAZVA_LIKIV VARCHAR2(50),
    NAZVA_ZONY VARCHAR2(100),
    PRIMARY KEY (NAZVA_LIKIV, NAZVA_ZONY),
    FOREIGN KEY (NAZVA_LIKIV) REFERENCES PERELIK_LIKARSTV(NAZVA_LIKIV),
    FOREIGN KEY (NAZVA_ZONY) REFERENCES ZONA_VPLYVU(NAZVA_ZONY)
);

-- Заповнення даних
INSERT INTO POSADA (NAZVA_POSADY) VALUES ('Завідувач');
INSERT INTO POSADA (NAZVA_POSADY) VALUES ('Провізор');
INSERT INTO POSADA (NAZVA_POSADY) VALUES ('Фармацевт');

INSERT INTO VULYTSIA (NAZVA_VULYTSII) VALUES ('Городоцька');
INSERT INTO VULYTSIA (NAZVA_VULYTSII) VALUES ('Стрийська');
INSERT INTO VULYTSIA (NAZVA_VULYTSII) VALUES ('пр. Свободи');

INSERT INTO ZONA_VPLYVU (NAZVA_ZONY) VALUES ('Серцево-судинна');
INSERT INTO ZONA_VPLYVU (NAZVA_ZONY) VALUES ('Травлення');
INSERT INTO ZONA_VPLYVU (NAZVA_ZONY) VALUES ('Нервова система');

INSERT INTO APTECHNA_USTANOVA (NAZVA_USTANOVY, NOMER_BUDYNKU, ADRESA_WEBSTORINKY, CHAS_ROBOTY, CHY_VYKHIDNYI_U_SUBOTU, CHY_VYKHIDNYI_U_NEDILIU, NAZVA_VULYTSII) 
VALUES ('Аптека №1', '10', 'apteka1.lviv.ua', '08:00-21:00', 0, 1, 'Городоцька');
INSERT INTO APTECHNA_USTANOVA (NAZVA_USTANOVY, NOMER_BUDYNKU, ADRESA_WEBSTORINKY, CHAS_ROBOTY, CHY_VYKHIDNYI_U_SUBOTU, CHY_VYKHIDNYI_U_NEDILIU, NAZVA_VULYTSII) 
VALUES ('Подорожник', '15', 'pdrk.lviv.ua', '09:00-22:00', 0, 0, 'Стрийська');
INSERT INTO APTECHNA_USTANOVA (NAZVA_USTANOVY, NOMER_BUDYNKU, ADRESA_WEBSTORINKY, CHAS_ROBOTY, CHY_VYKHIDNYI_U_SUBOTU, CHY_VYKHIDNYI_U_NEDILIU, NAZVA_VULYTSII) 
VALUES ('Центральна аптека', '120', 'center-farm.lviv.ua', 'Цілодобово', 0, 0, 'пр. Свободи');

INSERT INTO PERELIK_LIKARSTV (NAZVA_LIKIV, KOD_MINISTERSTVA, CHY_POTRIBEN_RETSEPT, CHY_NARKOTYCHNYI_ZASIB, CHY_PSYKHOTROPNYI_ZASIB)
VALUES ('Анальгін', 'А-12345', 0, 0, 0);
INSERT INTO PERELIK_LIKARSTV (NAZVA_LIKIV, KOD_MINISTERSTVA, CHY_POTRIBEN_RETSEPT, CHY_NARKOTYCHNYI_ZASIB, CHY_PSYKHOTROPNYI_ZASIB)
VALUES ('Валеріана', 'В-98765', 0, 0, 0);
INSERT INTO PERELIK_LIKARSTV (NAZVA_LIKIV, KOD_MINISTERSTVA, CHY_POTRIBEN_RETSEPT, CHY_NARKOTYCHNYI_ZASIB, CHY_PSYKHOTROPNYI_ZASIB)
VALUES ('Парацетамол', 'П-11223', 0, 0, 0);
INSERT INTO PERELIK_LIKARSTV (NAZVA_LIKIV, KOD_MINISTERSTVA, CHY_POTRIBEN_RETSEPT, CHY_NARKOTYCHNYI_ZASIB, CHY_PSYKHOTROPNYI_ZASIB)
VALUES ('Но-шпа', 'Н-55443', 0, 0, 0);
INSERT INTO PERELIK_LIKARSTV (NAZVA_LIKIV, KOD_MINISTERSTVA, CHY_POTRIBEN_RETSEPT, CHY_NARKOTYCHNYI_ZASIB, CHY_PSYKHOTROPNYI_ZASIB)
VALUES ('Діазепам', 'Д-99887', 1, 0, 1);
INSERT INTO PERELIK_LIKARSTV (NAZVA_LIKIV, KOD_MINISTERSTVA, CHY_POTRIBEN_RETSEPT, CHY_NARKOTYCHNYI_ZASIB, CHY_PSYKHOTROPNYI_ZASIB)
VALUES ('Морфін', 'М-77665', 1, 1, 0);
INSERT INTO PERELIK_LIKARSTV (NAZVA_LIKIV, KOD_MINISTERSTVA, CHY_POTRIBEN_RETSEPT, CHY_NARKOTYCHNYI_ZASIB, CHY_PSYKHOTROPNYI_ZASIB)
VALUES ('Цитрамон', 'Ц-33445', 0, 0, 0);
INSERT INTO PERELIK_LIKARSTV (NAZVA_LIKIV, KOD_MINISTERSTVA, CHY_POTRIBEN_RETSEPT, CHY_NARKOTYCHNYI_ZASIB, CHY_PSYKHOTROPNYI_ZASIB)
VALUES ('Корвалол', 'К-22334', 0, 0, 0);

-- В Oracle дати вставляємо через TO_DATE
INSERT INTO SPIVROBITNYKY (PRIZVYSHCHE, IMIA, PO_BATKOVI, IDENTYFIKATSIINYI_NOMER, SERIIA_NOMER_PASPORTU, TRUDOVYI_STAZH, DATA_NARODZHENNIA, NAZVA_POSADY, NAZVA_USTANOVY)
VALUES ('Шевченко', 'Андрій', 'Миколайович', '1234567890', 'КС 123456', 5, TO_DATE('1990-05-15', 'YYYY-MM-DD'), 'Провізор', 'Аптека №1');
INSERT INTO SPIVROBITNYKY (PRIZVYSHCHE, IMIA, PO_BATKOVI, IDENTYFIKATSIINYI_NOMER, SERIIA_NOMER_PASPORTU, TRUDOVYI_STAZH, DATA_NARODZHENNIA, NAZVA_POSADY, NAZVA_USTANOVY)
VALUES ('Коваленко', 'Олена', 'Іванівна', '0987654321', 'ММ 654321', 12, TO_DATE('1982-03-20', 'YYYY-MM-DD'), 'Завідувач', 'Аптека №1');
INSERT INTO SPIVROBITNYKY (PRIZVYSHCHE, IMIA, PO_BATKOVI, IDENTYFIKATSIINYI_NOMER, SERIIA_NOMER_PASPORTU, TRUDOVYI_STAZH, DATA_NARODZHENNIA, NAZVA_POSADY, NAZVA_USTANOVY)
VALUES ('Мельник', 'Дмитро', 'Сергійович', '1122334455', 'АВ 112233', 3, TO_DATE('1995-11-10', 'YYYY-MM-DD'), 'Фармацевт', 'Подорожник');
INSERT INTO SPIVROBITNYKY (PRIZVYSHCHE, IMIA, PO_BATKOVI, IDENTYFIKATSIINYI_NOMER, SERIIA_NOMER_PASPORTU, TRUDOVYI_STAZH, DATA_NARODZHENNIA, NAZVA_POSADY, NAZVA_USTANOVY)
VALUES ('Бондар', 'Марія', 'Олександрівна', '5566778899', 'НЕ 554433', 7, TO_DATE('1990-07-05', 'YYYY-MM-DD'), 'Провізор', 'Подорожник');
INSERT INTO SPIVROBITNYKY (PRIZVYSHCHE, IMIA, PO_BATKOVI, IDENTYFIKATSIINYI_NOMER, SERIIA_NOMER_PASPORTU, TRUDOVYI_STAZH, DATA_NARODZHENNIA, NAZVA_POSADY, NAZVA_USTANOVY)
VALUES ('Ткаченко', 'Олексій', 'Петрович', '4455667788', 'СА 445566', 2, TO_DATE('1998-01-30', 'YYYY-MM-DD'), 'Фармацевт', 'Аптека №1');

INSERT INTO NAYAVNI (NAZVA_USTANOVY, NAZVA_LIKIV) VALUES ('Подорожник', 'Парацетамол');
INSERT INTO NAYAVNI (NAZVA_USTANOVY, NAZVA_LIKIV) VALUES ('Подорожник', 'Но-шпа');
INSERT INTO NAYAVNI (NAZVA_USTANOVY, NAZVA_LIKIV) VALUES ('Аптека №1', 'Діазепам');
INSERT INTO NAYAVNI (NAZVA_USTANOVY, NAZVA_LIKIV) VALUES ('Аптека №1', 'Парацетамол');
INSERT INTO NAYAVNI (NAZVA_USTANOVY, NAZVA_LIKIV) VALUES ('Подорожник', 'Цитрамон');

INSERT INTO LIKUIE (NAZVA_LIKIV, NAZVA_ZONY) VALUES ('Парацетамол', 'Нервова система');
INSERT INTO LIKUIE (NAZVA_LIKIV, NAZVA_ZONY) VALUES ('Но-шпа', 'Травлення');
INSERT INTO LIKUIE (NAZVA_LIKIV, NAZVA_ZONY) VALUES ('Діазепам', 'Нервова система');
INSERT INTO LIKUIE (NAZVA_LIKIV, NAZVA_ZONY) VALUES ('Цитрамон', 'Нервова система');
INSERT INTO LIKUIE (NAZVA_LIKIV, NAZVA_ZONY) VALUES ('Корвалол', 'Серцево-судинна');

COMMIT;

-- 1. Модифікуємо структуру таблиць
ALTER TABLE POSADA ADD (OKLAD NUMBER(10, 2));
ALTER TABLE SPIVROBITNYKY ADD (NARAKHOVANO_ZA_MISIATS VARCHAR2(100));

-- 2. Оновлюємо дані (встановлюємо оклади)
UPDATE POSADA SET OKLAD = 25000 WHERE NAZVA_POSADY = 'Завідувач';
UPDATE POSADA SET OKLAD = 18000 WHERE NAZVA_POSADY = 'Провізор';
UPDATE POSADA SET OKLAD = 15000 WHERE NAZVA_POSADY = 'Фармацевт';

-- 3. Фіксуємо зміни
COMMIT;

SELECT * FROM POSADA;
SELECT * FROM VULYTSIA;
SELECT * FROM APTECHNA_USTANOVA;
SELECT * FROM SPIVROBITNYKY;
SELECT * FROM PERELIK_LIKARSTV;
SELECT * FROM NAYAVNI;
SELECT * FROM LIKUIE;


CREATE OR REPLACE PROCEDURE P_CALCULATE_SALARY_SINGLE (
    p_surname IN VARCHAR2,
    p_name    IN VARCHAR2,
    p_patron  IN VARCHAR2,
    p_month   IN VARCHAR2
) IS
    v_base_salary NUMBER;
    v_experience  NUMBER;
    v_total_calc  NUMBER(10, 2);
BEGIN
    SELECT p.OKLAD, s.TRUDOVYI_STAZH
    INTO v_base_salary, v_experience
    FROM SPIVROBITNYKY s
    JOIN POSADA p ON s.NAZVA_POSADY = p.NAZVA_POSADY
    WHERE s.PRIZVYSHCHE = p_surname 
      AND s.IMIA = p_name 
      AND s.PO_BATKOVI = p_patron;

    v_total_calc := v_base_salary + (v_base_salary * (v_experience * 0.02));

    UPDATE SPIVROBITNYKY
    SET NARAKHOVANO_ZA_MISIATS = p_month || ': ' || TO_CHAR(v_total_calc, '99990.99') || ' грн.'
    WHERE PRIZVYSHCHE = p_surname 
      AND IMIA = p_name 
      AND PO_BATKOVI = p_patron;

    DBMS_OUTPUT.PUT_LINE('Зарплату нараховано!');
END;
/

-- ВИКЛИК (виконувати, коли треба нарахувати)
--SET SERVEROUTPUT ON;
--BEGIN
    --P_CALCULATE_SALARY_SINGLE('Шевченко', 'Андрій', 'Миколайович', 'Травень');
    --COMMIT;
--END;
--/


CREATE OR REPLACE PROCEDURE P_CALCULATE_SALARY_ALL (
    p_month IN VARCHAR2
) IS
    -- Створюємо курсор, який вибирає ПІБ усіх працівників
    CURSOR c_spivrobitnyky IS
        SELECT PRIZVYSHCHE, IMIA, PO_BATKOVI
        FROM SPIVROBITNYKY;
BEGIN
    -- Проходимо циклом по кожному працівнику з курсору
    FOR r_emp IN c_spivrobitnyky LOOP
        -- Викликаємо першу процедуру для поточного працівника в циклі
        P_CALCULATE_SALARY_SINGLE(
            r_emp.PRIZVYSHCHE, 
            r_emp.IMIA, 
            r_emp.PO_BATKOVI, 
            p_month
        );
    END LOOP;

    -- Фіксуємо зміни для всіх працівників одразу
    COMMIT;
    
    DBMS_OUTPUT.PUT_LINE('--- Нарахування за ' || p_month || ' завершено для всього штату ---');
END;
/


SET SERVEROUTPUT ON;

BEGIN
    -- Нараховуємо зарплату всім працівникам за Квітень
    P_CALCULATE_SALARY_ALL('Квітень');
END;
/

--Лабораторна 4, тригери

ALTER TABLE NAYAVNI ADD (KILKIST NUMBER DEFAULT 0);

UPDATE NAYAVNI SET KILKIST = 50 WHERE NAZVA_LIKIV = 'Парацетамол';
UPDATE NAYAVNI SET KILKIST = 30 WHERE NAZVA_LIKIV = 'Но-шпа';
UPDATE NAYAVNI SET KILKIST = 10 WHERE NAZVA_LIKIV = 'Діазепам';
UPDATE NAYAVNI SET KILKIST = 40 WHERE NAZVA_LIKIV = 'Цитрамон';

COMMIT;

CREATE TABLE PRODAGI (
    ID_PRODAGU NUMBER PRIMARY KEY,
    NAZVA_USTANOVY VARCHAR2(100),
    NAZVA_LIKIV VARCHAR2(50),
    KILKIST NUMBER,
    DATA_PRODAGU DATE DEFAULT SYSDATE,

    FOREIGN KEY (NAZVA_USTANOVY) 
        REFERENCES APTECHNA_USTANOVA(NAZVA_USTANOVY),

    FOREIGN KEY (NAZVA_LIKIV) 
        REFERENCES PERELIK_LIKARSTV(NAZVA_LIKIV)
);

--Тригер(забороняє продаж, якщо недостатньо товару)

CREATE OR REPLACE TRIGGER TRG_CHECK_KILKIST
BEFORE INSERT ON PRODAGI
FOR EACH ROW
DECLARE
    v_kilkist NUMBER;
BEGIN
    SELECT KILKIST
    INTO v_kilkist
    FROM NAYAVNI
    WHERE NAZVA_USTANOVY = :NEW.NAZVA_USTANOVY
      AND NAZVA_LIKIV = :NEW.NAZVA_LIKIV;

    IF v_kilkist < :NEW.KILKIST THEN
        RAISE_APPLICATION_ERROR(-20001, 'Недостатня кількість товару!');
    END IF;
END;
/

--Тригер(Зменшує залишок після продажу)
CREATE OR REPLACE TRIGGER TRG_UPDATE_KILKIST
AFTER INSERT ON PRODAGI
FOR EACH ROW
BEGIN
    UPDATE NAYAVNI
    SET KILKIST = KILKIST - :NEW.KILKIST
    WHERE NAZVA_USTANOVY = :NEW.NAZVA_USTANOVY
      AND NAZVA_LIKIV = :NEW.NAZVA_LIKIV;
END;
/


INSERT INTO PRODAGI (ID_PRODAGU, NAZVA_USTANOVY, NAZVA_LIKIV, KILKIST, DATA_PRODAGU)
VALUES (1, 'Подорожник', 'Парацетамол', 5, SYSDATE);

INSERT INTO PRODAGI (ID_PRODAGU, NAZVA_USTANOVY, NAZVA_LIKIV, KILKIST, DATA_PRODAGU)
VALUES (2, 'Аптека №1', 'Діазепам', 2, SYSDATE);

INSERT INTO PRODAGI (ID_PRODAGU, NAZVA_USTANOVY, NAZVA_LIKIV, KILKIST)
VALUES (3, 'Подорожник', 'Но-шпа', 15);

COMMIT;

SELECT * FROM PRODAGI;
